iteration,DAGWO_r0.1,DAGWO_r0.2,DAGWO_r0.3,DAGWO_r0.4,DAGWO_r0.5,GWO,DA
1,8.504666666666667E7,2.5193166666666666E8,8.208333333333333E7,8.097E7,8.143E7,7.217833333333333E7,7.287E7
2,2.4498833333333334E8,1.4172E8,8.169666666666667E7,1.4174833333333334E8,8.2185E7,7.569333333333333E7,7.1265E7
3,5.2511E8,2.5490666666666666E8,1.3507274314303505E8,7.988E7,8.096333333333333E7,7.673166666666667E7,7.042E7
4,3.8731E8,8.721166666666667E7,1.35235E8,8.234833333333333E7,7.970333333333333E7,7.784833333333333E7,6.890333333333333E7
5,2.26215E8,1.9528666666666666E8,8.241166666666667E7,1.4325333333333334E8,8.194166666666667E7,7.544833333333333E7,6.874166666666667E7
6,4.730993417163058E8,2.6823333333333334E8,1.3482166666666666E8,8.043333333333333E7,7.931166666666667E7,7.5965E7,6.8505E7
7,4.870983333333333E8,1.992274813003684E8,8.248166666666667E7,1.3008666666666667E8,7.918833333333333E7,7.505833333333333E7,6.826666666666667E7
8,4.73225E8,2.5755833333333334E8,2.2983E8,8.117333333333333E7,1.3238666666666667E8,7.379E7,6.8205E7
9,4.665716666666667E8,1.4510666666666666E8,8.367666666666667E7,8.078E7,8.039833333333333E7,7.394166666666667E7,6.8205E7
10,2.8278E8,1.3485166666666666E8,1.3311166666666667E8,8.325666666666667E7,8.084166666666667E7,7.440333333333333E7,6.8155E7
11,5.385483333333334E8,2.5662333333333334E8,8.4935E7,8.171166666666667E7,7.998E7,7.407666666666667E7,6.751833333333333E7
12,5.76485E8,1.9712166666666666E8,8.4555E7,8.235833333333333E7,7.934666666666667E7,7.261E7,6.725166666666667E7
13,7.156834384777858E8,1.8676666666666666E8,8.188E7,8.136833333333333E7,7.874666666666667E7,7.502166666666667E7,6.6875E7
14,4.557738444467191E8,2.8749E8,8.357166666666667E7,1.4171833333333334E8,7.9665E7,7.627833333333333E7,6.6843333333333336E7
15,5.2586839084099525E8,1.4518333333333334E8,8.281666666666667E7,8.068166666666667E7,7.9125E7,7.5225E7,6.6843333333333336E7
16,3.985118941173323E8,1.4483833333333334E8,1.3457333333333334E8,8.235833333333333E7,8.155666666666667E7,7.54E7,6.6625E7
17,3.48875E8,1.8578E8,8.463166666666667E7,8.257333333333333E7,7.937166666666667E7,7.817666666666667E7,6.6625E7
18,4.713583333333333E8,1.46825E8,8.4275E7,8.113833333333333E7,8.031333333333333E7,7.464333333333333E7,6.6593333333333336E7
19,5.4208E8,2.751066666666667E8,2.671728755585869E8,8.378166666666667E7,1.2932333333333333E8,7.573333333333333E7,6.6593333333333336E7
20,5.3053588889642894E8,1.9279E8,1.374181894143151E8,8.238666666666667E7,1.2926833333333333E8,7.641E7,6.629E7
21,3.40455E8,2.695783716933272E8,1.3282666666666667E8,8.295666666666667E7,8.079833333333333E7,7.518E7,6.6036666666666664E7
22,3.49702001277516E8,3.1224096325430024E8,8.092166666666667E7,8.094833333333333E7,8.177333333333333E7,7.531166666666667E7,6.6036666666666664E7
23,3.569316666666667E8,1.9745816748438427E8,8.228833333333333E7,8.224166666666667E7,7.891666666666667E7,7.710833333333333E7,6.5846666666666664E7
24,3.368209991808169E8,1.4481166666666666E8,1.3398833333333333E8,8.172E7,8.090666666666667E7,7.706E7,6.5846666666666664E7
25,4.3760153522650707E8,1.4650833333333334E8,8.4345E7,8.101666666666667E7,7.869333333333333E7,7.769E7,6.5846666666666664E7
26,4.273816666666667E8,2.4608E8,2.0645E8,8.2E7,8.005166666666667E7,7.402333333333333E7,6.5846666666666664E7
27,5.845544392957903E8,2.0863666666666666E8,1.3225166666666667E8,8.424166666666667E7,1.4025E8,7.5515E7,6.556E7
28,3.304254299895716E8,1.6749666666666666E8,8.329666666666667E7,8.224666666666667E7,7.681666666666667E7,7.631E7,6.556E7
29,2.6041666666666666E8,1.3599833333333334E8,8.291666666666667E7,8.308166666666667E7,7.566166666666667E7,7.4765E7,6.556E7
30,3.421966666666667E8,2.08445E8,8.402666666666667E7,8.3265E7,7.938833333333333E7,7.405333333333333E7,6.556E7
31,2.873016666666667E8,2.5410333333333334E8,1.5279333333333334E8,8.209166666666667E7,7.93E7,7.493666666666667E7,6.556E7
32,3.786783333333333E8,1.5464333333333334E8,8.467166666666667E7,7.995E7,7.957833333333333E7,7.414166666666667E7,6.556E7
33,4.297853440184728E8,1.6499166666666666E8,8.331E7,7.968833333333333E7,7.987833333333333E7,7.5275E7,6.556E7
34,4.5059E8,8.229333333333333E7,1.4463166666666666E8,8.063666666666667E7,8.125666666666667E7,7.477333333333333E7,6.5288333333333336E7
35,2.3788666666666666E8,1.9497333333333334E8,8.2005E7,1.3105E8,7.671166666666667E7,7.282833333333333E7,6.5288333333333336E7
36,3.16245E8,1.357848770980677E8,8.1885E7,7.879833333333333E7,7.734666666666667E7,7.323166666666667E7,6.5016666666666664E7
37,3.768116666666667E8,2.1393166666666666E8,1.3370666666666667E8,8.008333333333333E7,7.803666666666667E7,7.507333333333333E7,6.4828333333333336E7
38,4.261666666666667E8,8.222166666666667E7,7.994666666666667E7,7.8745E7,7.610666666666667E7,7.348333333333333E7,6.4828333333333336E7
39,1.9824E8,1.35185E8,1.4927166666666666E8,8.075833333333333E7,7.764E7,7.5555E7,6.4828333333333336E7
40,2.0663833333333334E8,1.3239E8,8.3005E7,8.0245E7,7.832333333333333E7,7.537333333333333E7,6.4828333333333336E7
41,2.686983333333333E8,2.619289137272791E8,8.3035E7,7.8815E7,7.9945E7,7.355E7,6.4828333333333336E7
42,3.359966666666667E8,1.41455E8,7.755166666666667E7,7.873333333333333E7,7.7035E7,7.450666666666667E7,6.4828333333333336E7
43,4.0681E8,2.170612935914806E8,1.3971166666666666E8,7.984666666666667E7,7.890833333333333E7,7.537E7,6.4828333333333336E7
44,2.6502666666666666E8,1.3201E8,1.2985666666666667E8,7.7055E7,7.715333333333333E7,7.329166666666667E7,6.4575E7
45,3.3392E8,8.1765E7,7.798333333333333E7,7.950166666666667E7,7.8915E7,7.468666666666667E7,6.4575E7
46,1.9521E8,1.3733666666666666E8,1.4018666666666666E8,1.26995E8,7.736666666666667E7,7.6285E7,6.4575E7
47,2.5986166666666666E8,1.4120333333333334E8,7.812333333333333E7,1.8872833333333334E8,7.6895E7,7.51E7,6.4575E7
48,1.31265E8,2.1092666666666666E8,1.2842833333333333E8,7.844333333333333E7,7.763E7,7.813833333333333E7,6.4575E7
49,1.8926666666666666E8,7.776333333333333E7,7.8965E7,7.633333333333333E7,7.4095E7,7.601166666666667E7,6.4575E7
50,2.6652E8,1.2870666666666667E8,7.79E7,7.783833333333333E7,7.517833333333333E7,7.418833333333333E7,6.4575E7
51,2.1177166666666666E8,8.064166666666667E7,2.5953E8,7.939666666666667E7,7.631833333333333E7,7.539666666666667E7,6.4575E7
52,3.727533333333333E8,1.7903E8,7.755166666666667E7,7.4515E7,7.659166666666667E7,7.419666666666667E7,6.4575E7
53,2.71585E8,7.7135E7,7.7255E7,7.340333333333333E7,7.480166666666667E7,7.546666666666667E7,6.4575E7
54,1.3555166666666666E8,7.9735E7,7.9715E7,7.4E7,7.427333333333333E7,7.495166666666667E7,6.4575E7
55,1.9355E8,7.957166666666667E7,1.2892E8,7.5425E7,7.318833333333333E7,7.355E7,6.4575E7
56,2.0465833333333334E8,1.2862833333333333E8,7.593166666666667E7,7.361333333333333E7,7.967833333333333E7,7.451833333333333E7,6.4575E7
57,1.9062333333333334E8,7.863E7,7.728666666666667E7,7.601E7,7.671E7,7.3525E7,6.4493333333333336E7
58,2.2920333333333334E8,7.483833333333333E7,7.560666666666667E7,7.505333333333333E7,7.400666666666667E7,7.390333333333333E7,6.4493333333333336E7
59,2.891883333333333E8,1.4661E8,2.0445333333333334E8,7.268E7,7.620833333333333E7,7.3695E7,6.4493333333333336E7
60,1.76605E8,7.5345E7,1.2510166666666667E8,7.528E7,7.651666666666667E7,7.4485E7,6.4493333333333336E7
61,1.5765833333333334E8,7.402333333333333E7,7.4345E7,7.262166666666667E7,7.481166666666667E7,7.562333333333333E7,6.4493333333333336E7
62,1.5525666666666666E8,7.856E7,7.7395E7,7.134833333333333E7,7.372666666666667E7,7.538833333333333E7,6.4493333333333336E7
63,7.612833333333333E7,7.4385E7,7.407E7,7.246E7,7.3565E7,7.345E7,6.4493333333333336E7
64,1.9647833333333334E8,7.353833333333333E7,7.865E7,7.132666666666667E7,7.328833333333333E7,7.196666666666667E7,6.4493333333333336E7
65,1.8257333333333334E8,1.25285E8,7.502166666666667E7,7.453833333333333E7,7.383333333333333E7,7.3825E7,6.4493333333333336E7
66,1.9444833333333334E8,7.534166666666667E7,7.9765E7,7.703E7,7.371E7,7.2725E7,6.4493333333333336E7
67,7.982333333333333E7,7.414666666666667E7,7.4985E7,7.417333333333333E7,6.837166666666667E7,7.270333333333333E7,6.4493333333333336E7
68,1.2878833333333333E8,7.644E7,7.4595E7,7.318E7,7.3115E7,7.425833333333333E7,6.4493333333333336E7
69,1.9433666666666666E8,7.1855E7,7.274166666666667E7,7.197166666666667E7,7.598E7,7.2825E7,6.4493333333333336E7
70,1.9847333333333334E8,7.085333333333333E7,7.321833333333333E7,7.2835E7,7.4515E7,7.402833333333333E7,6.4493333333333336E7
71,2.821131744685243E8,7.780666666666667E7,7.4515E7,7.012166666666667E7,7.304166666666667E7,7.351166666666667E7,6.4493333333333336E7
72,7.868E7,1.2718166666666667E8,7.518833333333333E7,7.228666666666667E7,7.233333333333333E7,7.2975E7,6.4493333333333336E7
73,7.035166666666667E7,7.5205E7,7.143333333333333E7,7.159166666666667E7,7.148833333333333E7,7.522166666666667E7,6.4493333333333336E7
74,1.99675E8,1.3169E8,7.179E7,7.2545E7,7.0955E7,7.439833333333333E7,6.4493333333333336E7
75,1.2101833333333333E8,7.355166666666667E7,7.177166666666667E7,7.2005E7,6.888333333333333E7,7.487666666666667E7,6.4493333333333336E7
76,6.6861666666666664E7,7.367666666666667E7,6.987E7,7.268166666666667E7,7.093666666666667E7,7.566333333333333E7,6.4493333333333336E7
77,1.4242E8,7.458E7,6.913333333333333E7,6.811666666666667E7,7.275E7,7.452166666666667E7,6.4493333333333336E7
78,6.7025E7,7.3065E7,6.935833333333333E7,6.788833333333333E7,7.2575E7,7.452666666666667E7,6.4493333333333336E7
79,1.2118E8,1.30605E8,7.209333333333333E7,6.890333333333333E7,7.123666666666667E7,7.172666666666667E7,6.4493333333333336E7
80,2.3832833333333334E8,7.352E7,6.9155E7,6.998833333333333E7,7.053166666666667E7,7.290833333333333E7,6.4493333333333336E7
81,6.714333333333333E7,6.769833333333333E7,6.978333333333333E7,6.901833333333333E7,6.838833333333333E7,7.344833333333333E7,6.4493333333333336E7
82,6.4886666666666664E7,1.3247E8,6.924E7,6.858333333333333E7,6.8735E7,7.387333333333333E7,6.4493333333333336E7
83,6.408E7,7.055166666666667E7,6.7515E7,6.935666666666667E7,6.907166666666667E7,7.4265E7,6.4493333333333336E7
84,6.5971666666666664E7,1.19055E8,7.013166666666667E7,6.9815E7,6.819833333333333E7,7.179833333333333E7,6.4493333333333336E7
85,1.8709E8,7.0515E7,6.822666666666667E7,7.2465E7,6.914666666666667E7,7.181E7,6.4493333333333336E7
86,1.3054333333333333E8,1.4647666666666666E8,1.1953333333333333E8,6.6916666666666664E7,6.810666666666667E7,7.353666666666667E7,6.4493333333333336E7
87,1.7484666666666666E8,6.6768333333333336E7,6.724833333333333E7,6.824166666666667E7,6.731E7,7.208166666666667E7,6.4493333333333336E7
88,6.2451666666666664E7,6.5921666666666664E7,6.864166666666667E7,6.715666666666667E7,6.5808333333333336E7,7.3675E7,6.4493333333333336E7
89,6.2403333333333336E7,6.5755E7,6.831666666666667E7,6.722333333333333E7,7.077E7,7.134666666666667E7,6.4493333333333336E7
90,1.23485E8,6.882833333333333E7,6.7895E7,6.3828333333333336E7,6.6813333333333336E7,7.388833333333333E7,6.4493333333333336E7
91,6.3065E7,1.28965E8,6.811833333333333E7,6.720666666666667E7,6.858E7,7.371666666666667E7,6.4493333333333336E7
92,6.245E7,6.491E7,6.5425E7,6.3553333333333336E7,6.873833333333333E7,7.334333333333333E7,6.4493333333333336E7
93,1.4280166666666666E8,6.825666666666667E7,6.5035E7,6.5746666666666664E7,6.68E7,7.212E7,6.4493333333333336E7
94,6.1265E7,1.3485166666666666E8,6.5891666666666664E7,6.747E7,6.6601666666666664E7,7.312E7,6.4493333333333336E7
95,6.3046666666666664E7,6.21E7,6.558E7,6.3743333333333336E7,6.5646666666666664E7,7.426333333333333E7,6.4493333333333336E7
96,6.1226666666666664E7,6.3466666666666664E7,1.547833208905735E8,6.6843333333333336E7,6.751E7,7.068666666666667E7,6.4493333333333336E7
97,1.1586333333333333E8,6.2988333333333336E7,6.6483333333333336E7,6.5116666666666664E7,6.6108333333333336E7,7.364E7,6.4493333333333336E7
98,6.4313333333333336E7,6.2416666666666664E7,6.800666666666667E7,6.8895E7,6.5563333333333336E7,7.179333333333333E7,6.4493333333333336E7
99,1.3186E8,6.5046666666666664E7,6.4385E7,6.6323333333333336E7,6.1175E7,7.130666666666667E7,6.4493333333333336E7
100,6.119E7,6.4721666666666664E7,6.4661666666666664E7,6.5278333333333336E7,6.6855E7,7.069666666666667E7,6.4493333333333336E7
101,6.0366666666666664E7,6.3998333333333336E7,6.636E7,6.4333333333333336E7,6.4886666666666664E7,7.265666666666667E7,6.4206666666666664E7
102,5.8538333333333336E7,6.3613333333333336E7,6.518E7,6.5738333333333336E7,6.5136666666666664E7,7.163833333333333E7,6.4206666666666664E7
103,5.9935E7,6.1911666666666664E7,6.272E7,6.3908333333333336E7,6.2231666666666664E7,7.072833333333333E7,6.4206666666666664E7
104,6.0161666666666664E7,6.1871666666666664E7,6.2923333333333336E7,6.3536666666666664E7,6.5635E7,7.186166666666667E7,6.4206666666666664E7
105,5.9355E7,6.379E7,6.4766666666666664E7,6.414E7,6.2338333333333336E7,7.209833333333333E7,6.4206666666666664E7
106,6.2456666666666664E7,6.165E7,6.43E7,6.3355E7,6.2101666666666664E7,6.984E7,6.4206666666666664E7
107,6.0368333333333336E7,5.9656666666666664E7,6.2666666666666664E7,6.268E7,6.3833333333333336E7,7.254333333333333E7,6.4206666666666664E7
108,5.8393333333333336E7,6.0886666666666664E7,6.19E7,6.5725E7,6.3606666666666664E7,7.1615E7,6.4206666666666664E7
109,5.389E7,5.9616666666666664E7,6.071E7,6.3965E7,6.163E7,7.257333333333333E7,6.3903333333333336E7
110,5.7498333333333336E7,5.988E7,6.1733333333333336E7,6.279E7,6.0731666666666664E7,7.185166666666667E7,6.3871666666666664E7
111,5.7531666666666664E7,5.8473333333333336E7,6.0568333333333336E7,6.3988333333333336E7,6.2631666666666664E7,7.1165E7,6.3871666666666664E7
112,5.54E7,5.8968333333333336E7,5.9155E7,6.1701666666666664E7,6.373E7,7.004E7,6.3871666666666664E7
113,5.5481666666666664E7,5.947E7,6.0256666666666664E7,6.3016666666666664E7,6.0055E7,7.026333333333333E7,6.3275E7
114,5.5493333333333336E7,5.6751666666666664E7,6.1193333333333336E7,6.3441666666666664E7,5.9546666666666664E7,6.9335E7,6.2688333333333336E7
115,5.3986666666666664E7,5.6786666666666664E7,5.8733333333333336E7,6.1096666666666664E7,6.1576666666666664E7,7.0515E7,6.2688333333333336E7
116,5.226E7,5.559E7,6.1303333333333336E7,6.3766666666666664E7,6.0673333333333336E7,6.9715E7,6.2403333333333336E7
117,5.2908333333333336E7,5.3676666666666664E7,5.9058333333333336E7,5.9811666666666664E7,1.2070833333333333E8,6.5981666666666664E7,6.2388333333333336E7
118,5.3765E7,5.438E7,5.9023333333333336E7,6.273E7,5.9658333333333336E7,7.091833333333333E7,6.2325E7
119,5.163E7,5.5591666666666664E7,5.767E7,6.1935E7,6.0395E7,6.980833333333333E7,6.1738333333333336E7
120,4.964E7,5.2585E7,5.7828333333333336E7,6.2751666666666664E7,6.1886666666666664E7,6.907333333333333E7,6.1196666666666664E7
121,4.9896666666666664E7,5.6058333333333336E7,5.8761666666666664E7,5.7043333333333336E7,6.1296666666666664E7,6.935333333333333E7,6.091E7
122,4.8533333333333336E7,5.5093333333333336E7,5.7368333333333336E7,5.7578333333333336E7,6.1001666666666664E7,6.891833333333333E7,6.0608333333333336E7
123,4.8716666666666664E7,5.3776666666666664E7,5.7883333333333336E7,5.7971666666666664E7,6.3676666666666664E7,6.820833333333333E7,6.007E7
124,4.9513333333333336E7,5.1721666666666664E7,5.4996666666666664E7,5.6758333333333336E7,5.9776666666666664E7,6.718333333333333E7,5.948E7
125,5.0201666666666664E7,5.5095E7,5.5725E7,5.7626666666666664E7,5.9668333333333336E7,6.6313333333333336E7,5.9193333333333336E7
126,5.03E7,5.1871666666666664E7,5.4853333333333336E7,5.7161666666666664E7,5.92E7,6.6398333333333336E7,5.9193333333333336E7
127,4.7793333333333336E7,5.2735E7,1.058E8,5.8353333333333336E7,6.0608333333333336E7,6.789833333333333E7,5.9193333333333336E7
128,4.6681666666666664E7,5.228E7,5.441E7,5.5286666666666664E7,5.8058333333333336E7,6.5421666666666664E7,5.9193333333333336E7
129,4.679E7,5.1396666666666664E7,5.394E7,5.4933333333333336E7,6.0675E7,6.6946666666666664E7,5.9193333333333336E7
130,4.702E7,5.2436666666666664E7,5.1708333333333336E7,5.7673333333333336E7,5.7163333333333336E7,6.763833333333333E7,5.9193333333333336E7
131,4.7183333333333336E7,5.0671666666666664E7,5.3985E7,5.8176666666666664E7,5.8001666666666664E7,6.5426666666666664E7,5.9193333333333336E7
132,4.675E7,5.0525E7,5.2196666666666664E7,5.4365E7,5.712E7,6.6638333333333336E7,5.9193333333333336E7
133,4.4913333333333336E7,5.1193333333333336E7,5.2711666666666664E7,5.506E7,5.711E7,6.5378333333333336E7,5.9193333333333336E7
134,4.6581666666666664E7,5.2731666666666664E7,5.1178333333333336E7,5.3775E7,5.7356666666666664E7,6.5203333333333336E7,5.9193333333333336E7
135,4.5135E7,5.2085E7,5.0586666666666664E7,5.2E7,5.8013333333333336E7,6.4893333333333336E7,5.9193333333333336E7
136,4.5801666666666664E7,5.0551666666666664E7,5.0628333333333336E7,5.577E7,5.546E7,6.443E7,5.9193333333333336E7
137,4.5258333333333336E7,5.3645E7,5.207E7,5.4855E7,5.7086666666666664E7,6.5401666666666664E7,5.9193333333333336E7
138,4.5805E7,5.1528333333333336E7,5.1078333333333336E7,5.3326666666666664E7,5.5991666666666664E7,6.5451666666666664E7,5.9193333333333336E7
139,4.693E7,5.0696666666666664E7,5.0366666666666664E7,5.5941666666666664E7,5.562E7,6.4276666666666664E7,5.9193333333333336E7
140,4.5331666666666664E7,4.9323333333333336E7,5.0516666666666664E7,5.2146666666666664E7,5.5055E7,6.3931666666666664E7,5.9193333333333336E7
141,4.4756666666666664E7,4.9615E7,5.2015E7,5.3588333333333336E7,5.5483333333333336E7,6.6338333333333336E7,5.9193333333333336E7
142,4.4573333333333336E7,4.8225E7,4.9691666666666664E7,5.163E7,5.4895E7,6.4898333333333336E7,5.9193333333333336E7
143,4.289E7,4.9985E7,5.1903333333333336E7,5.3081666666666664E7,5.483E7,6.2658333333333336E7,5.9193333333333336E7
144,4.4805E7,5.2271666666666664E7,4.8833333333333336E7,5.4033333333333336E7,5.4971666666666664E7,6.2636666666666664E7,5.9193333333333336E7
145,4.494E7,4.8506666666666664E7,5.1765E7,5.116E7,5.4153333333333336E7,6.2528333333333336E7,5.9193333333333336E7
146,4.5036666666666664E7,4.7605E7,5.045E7,5.0898333333333336E7,5.365E7,6.0866666666666664E7,5.9193333333333336E7
147,4.3748333333333336E7,4.7085E7,4.8638333333333336E7,5.1378333333333336E7,5.389E7,6.0571666666666664E7,5.9193333333333336E7
148,4.3583333333333336E7,4.894E7,4.9081666666666664E7,5.275E7,5.2428333333333336E7,6.0048333333333336E7,5.9193333333333336E7
149,4.286E7,4.7466666666666664E7,4.8843333333333336E7,4.9715E7,5.4708333333333336E7,6.0996666666666664E7,5.9193333333333336E7
150,4.2541666666666664E7,4.651E7,4.8451666666666664E7,5.1568333333333336E7,1.2432E8,6.218E7,5.9193333333333336E7
151,4.2371666666666664E7,4.826E7,4.754E7,5.171E7,5.4433333333333336E7,6.0465E7,5.9193333333333336E7
152,4.3858333333333336E7,4.8651666666666664E7,4.8658333333333336E7,5.251E7,5.6645E7,5.9973333333333336E7,5.9193333333333336E7
153,4.1763333333333336E7,4.5668333333333336E7,4.6731666666666664E7,5.0041666666666664E7,5.2993333333333336E7,5.8785E7,5.9193333333333336E7
154,4.2548333333333336E7,4.6791666666666664E7,4.8003333333333336E7,5.0643333333333336E7,5.349E7,6.1571666666666664E7,5.9193333333333336E7
155,4.1678333333333336E7,4.7578333333333336E7,4.9263333333333336E7,5.0866666666666664E7,5.2865E7,5.898E7,5.9193333333333336E7
156,4.1211666666666664E7,4.5098333333333336E7,4.8023333333333336E7,5.0373333333333336E7,5.528E7,5.8476666666666664E7,5.9193333333333336E7
157,4.1786666666666664E7,4.5348333333333336E7,4.7503333333333336E7,5.0883333333333336E7,5.4318333333333336E7,5.7416666666666664E7,5.9193333333333336E7
158,4.2168333333333336E7,4.6045E7,5.0086666666666664E7,4.8971666666666664E7,5.471E7,5.688E7,5.9193333333333336E7
159,4.1836666666666664E7,4.6243333333333336E7,4.7331666666666664E7,4.9325E7,5.1656666666666664E7,5.6685E7,5.9193333333333336E7
160,4.1006666666666664E7,4.524E7,4.6545E7,4.956E7,5.4095E7,5.8593333333333336E7,5.9193333333333336E7
161,4.225E7,4.4438333333333336E7,4.9175E7,5.1321666666666664E7,5.314E7,5.768E7,5.9193333333333336E7
162,4.1868333333333336E7,4.7435E7,4.7251666666666664E7,4.8383333333333336E7,5.2505E7,5.6311666666666664E7,5.9193333333333336E7
163,4.0788333333333336E7,4.5478333333333336E7,4.7945E7,4.9211666666666664E7,5.0191666666666664E7,5.7288333333333336E7,5.9193333333333336E7
164,4.1058333333333336E7,4.3628333333333336E7,4.6413333333333336E7,4.749E7,5.151E7,5.779E7,5.9193333333333336E7
165,4.1278333333333336E7,4.6838333333333336E7,4.7236666666666664E7,4.9386666666666664E7,5.0953333333333336E7,5.479E7,5.9193333333333336E7
166,4.1535E7,4.4231666666666664E7,4.712E7,5.0975E7,5.0568333333333336E7,5.3141666666666664E7,5.9193333333333336E7
167,4.3238333333333336E7,4.5136666666666664E7,4.8516666666666664E7,4.9508333333333336E7,4.9E7,5.3638333333333336E7,5.9193333333333336E7
168,4.2408333333333336E7,4.5583333333333336E7,4.6168333333333336E7,4.834E7,5.0376666666666664E7,5.3108333333333336E7,5.9193333333333336E7
169,4.0995E7,4.4153333333333336E7,4.5231666666666664E7,4.9271666666666664E7,5.1506666666666664E7,5.3326666666666664E7,5.9193333333333336E7
170,4.155E7,4.4688333333333336E7,4.5261666666666664E7,5.0113333333333336E7,4.8611666666666664E7,5.3031666666666664E7,5.9193333333333336E7
171,4.1411666666666664E7,4.405E7,4.633E7,4.8201666666666664E7,4.9651666666666664E7,5.1641666666666664E7,5.9193333333333336E7
172,4.2086666666666664E7,4.346E7,4.5263333333333336E7,4.674E7,4.8018333333333336E7,5.3001666666666664E7,5.9193333333333336E7
173,4.155E7,4.4205E7,4.3735E7,4.7493333333333336E7,5.1126666666666664E7,5.119E7,5.9193333333333336E7
174,4.1531666666666664E7,4.3646666666666664E7,9.726666666666667E7,4.7925E7,4.9998333333333336E7,5.0156666666666664E7,5.9193333333333336E7
175,4.1025E7,4.365E7,9.429166666666667E7,4.9363333333333336E7,5.193E7,4.969E7,5.9193333333333336E7
176,4.1246666666666664E7,4.337E7,4.6025E7,4.7563333333333336E7,4.9865E7,5.083E7,5.9193333333333336E7
177,4.1451666666666664E7,4.3161666666666664E7,4.4545E7,4.7911666666666664E7,4.8295E7,4.852E7,5.9193333333333336E7
178,4.0405E7,4.28E7,4.552E7,4.643E7,5.03E7,4.9236666666666664E7,5.9193333333333336E7
179,4.042E7,4.1841666666666664E7,4.4126666666666664E7,4.663E7,4.571E7,4.7588333333333336E7,5.9193333333333336E7
180,4.0813333333333336E7,4.3405E7,4.488E7,4.8483333333333336E7,4.7555E7,4.7876666666666664E7,5.9193333333333336E7
181,4.177E7,4.334E7,4.5368333333333336E7,4.271E7,4.7315E7,4.693E7,5.9193333333333336E7
182,3.9495E7,4.2551666666666664E7,4.4546666666666664E7,4.6818333333333336E7,9.846333333333333E7,4.7555E7,5.9193333333333336E7
183,3.9561666666666664E7,4.2738333333333336E7,4.2975E7,4.4943333333333336E7,4.9098333333333336E7,4.6551666666666664E7,5.9193333333333336E7
184,3.9798333333333336E7,4.2331666666666664E7,4.5561666666666664E7,4.678E7,4.9085E7,4.6748333333333336E7,5.9193333333333336E7
185,4.01E7,4.2913333333333336E7,4.3063333333333336E7,4.5736666666666664E7,4.9281666666666664E7,4.6056666666666664E7,5.9193333333333336E7
186,3.983E7,4.331E7,4.3381666666666664E7,4.5785E7,4.8623333333333336E7,4.6016666666666664E7,5.9193333333333336E7
187,4.0438333333333336E7,4.227E7,4.5453333333333336E7,4.472E7,4.6746666666666664E7,4.5616666666666664E7,5.9193333333333336E7
188,4.0608333333333336E7,4.3288333333333336E7,4.4353333333333336E7,4.3431666666666664E7,4.7746666666666664E7,4.4483333333333336E7,5.9193333333333336E7
189,4.0975E7,4.1443333333333336E7,4.5798333333333336E7,4.5656666666666664E7,4.7088333333333336E7,4.3881666666666664E7,5.9193333333333336E7
190,4.0068333333333336E7,4.2416666666666664E7,4.3918333333333336E7,4.566E7,4.5283333333333336E7,4.3383333333333336E7,5.9193333333333336E7
191,3.9781666666666664E7,4.2198333333333336E7,4.3986666666666664E7,4.4876666666666664E7,4.5413333333333336E7,4.254E7,5.9193333333333336E7
192,3.9798333333333336E7,4.1556666666666664E7,4.54E7,4.6823333333333336E7,4.6175E7,4.2096666666666664E7,5.9193333333333336E7
193,4.0861666666666664E7,4.2013333333333336E7,4.3651666666666664E7,4.3666666666666664E7,4.3295E7,4.1708333333333336E7,5.9193333333333336E7
194,4.054E7,4.1218333333333336E7,4.2406666666666664E7,4.5961666666666664E7,4.692E7,4.183E7,5.9193333333333336E7
195,4.029E7,4.2081666666666664E7,4.2333333333333336E7,4.55E7,4.4975E7,4.0878333333333336E7,5.9193333333333336E7
196,3.997E7,4.1573333333333336E7,4.3815E7,4.4478333333333336E7,4.4578333333333336E7,4.181E7,5.9193333333333336E7
197,3.973E7,4.2066666666666664E7,4.234E7,4.4053333333333336E7,4.5296666666666664E7,4.066E7,5.9193333333333336E7
198,4.0191666666666664E7,4.1373333333333336E7,4.22E7,4.3903333333333336E7,4.2528333333333336E7,4.1438333333333336E7,5.9193333333333336E7
199,3.948E7,4.1203333333333336E7,4.3063333333333336E7,4.3125E7,4.4453333333333336E7,4.0308333333333336E7,5.9193333333333336E7
200,3.9733333333333336E7,4.1866666666666664E7,4.2868333333333336E7,4.4355E7,4.2006666666666664E7,3.9638333333333336E7,5.9193333333333336E7
201,4.0053333333333336E7,4.1236666666666664E7,4.2775E7,4.4468333333333336E7,4.3215E7,3.9655E7,5.9193333333333336E7
202,3.916E7,4.176E7,4.2505E7,4.2235E7,4.6528333333333336E7,3.8935E7,5.9193333333333336E7
203,3.916E7,4.0263333333333336E7,4.0546666666666664E7,4.339E7,4.3153333333333336E7,3.8861666666666664E7,5.9193333333333336E7
204,3.916E7,4.06E7,4.2281666666666664E7,4.498E7,4.1995E7,3.9063333333333336E7,5.9193333333333336E7
205,3.916E7,4.1711666666666664E7,4.19E7,4.4831666666666664E7,4.0221666666666664E7,3.7425E7,5.9193333333333336E7
206,3.9798333333333336E7,4.1728333333333336E7,4.1705E7,4.3481666666666664E7,4.1705E7,3.8065E7,5.9193333333333336E7
207,4.029E7,4.095E7,4.0258333333333336E7,4.48E7,4.1401666666666664E7,3.7345E7,5.9193333333333336E7
208,4.0895E7,4.147E7,4.2471666666666664E7,4.3633333333333336E7,4.1366666666666664E7,3.633E7,5.9193333333333336E7
209,4.1673333333333336E7,4.087E7,4.22E7,4.4016666666666664E7,4.2398333333333336E7,3.4946666666666664E7,5.9193333333333336E7
210,4.002E7,4.1253333333333336E7,4.0701666666666664E7,4.4718333333333336E7,4.0796666666666664E7,3.5756666666666664E7,5.9193333333333336E7
211,3.9511666666666664E7,4.0933333333333336E7,4.1866666666666664E7,4.1533333333333336E7,4.231E7,3.712E7,5.9193333333333336E7
212,4.0373333333333336E7,4.1285E7,4.1058333333333336E7,4.2223333333333336E7,4.1085E7,3.6801666666666664E7,5.9193333333333336E7
213,3.9478333333333336E7,4.1491666666666664E7,4.1398333333333336E7,4.1071666666666664E7,4.2145E7,3.6295E7,5.9193333333333336E7
214,4.1578333333333336E7,4.0295E7,4.2503333333333336E7,4.3823333333333336E7,4.0901666666666664E7,3.7586666666666664E7,5.9193333333333336E7
215,4.0878333333333336E7,4.1776666666666664E7,4.2105E7,4.285E7,3.9635E7,3.6518333333333336E7,5.9193333333333336E7
216,4.0035E7,4.1491666666666664E7,4.1718333333333336E7,4.2458333333333336E7,3.9785E7,3.6181666666666664E7,5.9193333333333336E7
217,3.9986666666666664E7,4.0105E7,4.0541666666666664E7,4.1835E7,3.8738333333333336E7,3.5641666666666664E7,5.9193333333333336E7
218,3.9396666666666664E7,4.1426666666666664E7,4.0466666666666664E7,4.2606666666666664E7,3.8456666666666664E7,3.5878333333333336E7,5.9193333333333336E7
219,4.019E7,4.0361666666666664E7,3.9878333333333336E7,4.2763333333333336E7,3.8253333333333336E7,3.5826666666666664E7,5.9193333333333336E7
220,3.9093333333333336E7,4.0801666666666664E7,4.1831666666666664E7,4.2086666666666664E7,4.0193333333333336E7,3.5876666666666664E7,5.9193333333333336E7
221,3.9903333333333336E7,4.0985E7,4.0956666666666664E7,3.9645E7,3.9801666666666664E7,3.5656666666666664E7,5.9193333333333336E7
222,3.9666666666666664E7,4.0278333333333336E7,4.072E7,4.0755E7,3.8391666666666664E7,3.5355E7,5.9193333333333336E7
223,3.9396666666666664E7,4.0631666666666664E7,3.9795E7,4.2616666666666664E7,3.906E7,3.5051666666666664E7,5.9193333333333336E7
224,3.9396666666666664E7,4.0711666666666664E7,4.04E7,4.1745E7,3.8755E7,3.5945E7,5.9193333333333336E7
225,3.9191666666666664E7,4.0918333333333336E7,4.0975E7,4.069E7,3.8943333333333336E7,3.5641666666666664E7,5.9193333333333336E7
226,3.862E7,3.9753333333333336E7,4.0351666666666664E7,4.1585E7,3.844E7,3.5735E7,5.9193333333333336E7
227,3.938E7,4.0598333333333336E7,4.1038333333333336E7,4.1213333333333336E7,3.9133333333333336E7,3.5641666666666664E7,5.9193333333333336E7
228,3.8838333333333336E7,3.9583333333333336E7,4.0015E7,4.0675E7,3.8423333333333336E7,3.5338333333333336E7,5.9193333333333336E7
229,3.852E7,4.0173333333333336E7,3.9575E7,4.015E7,3.861E7,3.5355E7,5.9193333333333336E7
230,3.9158333333333336E7,3.945E7,3.9606666666666664E7,4.1895E7,3.866E7,3.5338333333333336E7,5.9193333333333336E7
231,3.8823333333333336E7,3.9738333333333336E7,3.9863333333333336E7,4.0928333333333336E7,3.8575E7,3.5338333333333336E7,5.9193333333333336E7
232,3.9125E7,4.0056666666666664E7,3.9576666666666664E7,4.0181666666666664E7,3.7548333333333336E7,3.5338333333333336E7,5.9193333333333336E7
233,3.8806666666666664E7,3.9518333333333336E7,4.0033333333333336E7,4.0066666666666664E7,3.7515E7,3.5338333333333336E7,5.9193333333333336E7
234,3.911E7,3.9901666666666664E7,4.0096666666666664E7,4.0403333333333336E7,3.7515E7,3.5338333333333336E7,5.9193333333333336E7
235,3.8635E7,4.0441666666666664E7,3.9895E7,3.9545E7,3.7816666666666664E7,3.5338333333333336E7,5.9193333333333336E7
236,3.8701666666666664E7,4.0173333333333336E7,3.9443333333333336E7,3.9445E7,3.807E7,3.5083333333333336E7,5.9193333333333336E7
237,3.8953333333333336E7,3.9346666666666664E7,3.9425E7,4.0371666666666664E7,3.8833333333333336E7,3.5083333333333336E7,5.9193333333333336E7
238,3.8366666666666664E7,3.96E7,3.9121666666666664E7,4.225E7,3.8323333333333336E7,3.5083333333333336E7,5.9193333333333336E7
239,3.8316666666666664E7,3.933E7,3.9441666666666664E7,4.0116666666666664E7,3.8356666666666664E7,3.5083333333333336E7,5.9193333333333336E7
240,3.9193333333333336E7,3.9296666666666664E7,4.2103333333333336E7,3.9545E7,3.8595E7,3.5083333333333336E7,5.9193333333333336E7
241,3.8603333333333336E7,3.8706666666666664E7,3.941E7,3.9876666666666664E7,3.7801666666666664E7,3.5083333333333336E7,5.9193333333333336E7
242,3.83E7,3.9661666666666664E7,3.9306666666666664E7,3.9495E7,3.8103333333333336E7,3.5083333333333336E7,5.9193333333333336E7
243,3.8938333333333336E7,4.0158333333333336E7,3.8936666666666664E7,3.9798333333333336E7,3.7415E7,3.4493333333333336E7,5.9193333333333336E7
244,3.83E7,4.0126666666666664E7,3.86E7,3.8938333333333336E7,3.8008333333333336E7,3.478E7,5.9193333333333336E7
245,3.943E7,3.9601666666666664E7,3.8903333333333336E7,3.8635E7,3.826E7,3.4476666666666664E7,5.9193333333333336E7
246,3.8906666666666664E7,3.965E7,3.9206666666666664E7,3.8888333333333336E7,3.7418333333333336E7,3.4476666666666664E7,5.9193333333333336E7
247,3.8603333333333336E7,3.9938333333333336E7,3.8903333333333336E7,3.8618333333333336E7,3.7668333333333336E7,3.4476666666666664E7,5.9193333333333336E7
248,3.8873333333333336E7,3.987E7,3.8583333333333336E7,3.8921666666666664E7,3.7673333333333336E7,3.4763333333333336E7,5.9193333333333336E7
249,3.8586666666666664E7,3.8993333333333336E7,3.8903333333333336E7,3.8618333333333336E7,3.6493333333333336E7,3.4476666666666664E7,5.9193333333333336E7
250,3.9E7,3.901E7,3.9221666666666664E7,3.924E7,3.6271666666666664E7,3.4476666666666664E7,5.9193333333333336E7
251,3.8906666666666664E7,3.8708333333333336E7,4.0016666666666664E7,3.897E7,3.5681666666666664E7,3.4476666666666664E7,5.9193333333333336E7
252,3.9158333333333336E7,3.901E7,3.8296666666666664E7,3.8583333333333336E7,3.6171666666666664E7,3.4476666666666664E7,5.9193333333333336E7
253,3.946E7,3.9026666666666664E7,3.9255E7,3.8331666666666664E7,3.5698333333333336E7,3.4476666666666664E7,5.9193333333333336E7
254,3.8823333333333336E7,3.9331666666666664E7,3.8698333333333336E7,3.8618333333333336E7,3.482E7,3.4476666666666664E7,5.9193333333333336E7
255,3.8905E7,3.871E7,3.8901666666666664E7,3.7775E7,3.5631666666666664E7,3.4476666666666664E7,5.9193333333333336E7
256,3.9093333333333336E7,3.8421666666666664E7,3.838E7,3.8061666666666664E7,3.6155E7,3.4476666666666664E7,5.9193333333333336E7
257,3.8953333333333336E7,3.8405E7,3.8953333333333336E7,3.8381666666666664E7,3.5361666666666664E7,3.4476666666666664E7,5.9193333333333336E7
258,3.8938333333333336E7,3.8421666666666664E7,3.86E7,3.8078333333333336E7,3.5648333333333336E7,3.4476666666666664E7,5.9193333333333336E7
259,3.9461666666666664E7,3.8388333333333336E7,3.801E7,3.7758333333333336E7,3.5615E7,3.4476666666666664E7,5.9193333333333336E7
260,3.8956666666666664E7,3.8421666666666664E7,3.838E7,3.7471666666666664E7,3.536E7,3.4476666666666664E7,5.9193333333333336E7
261,3.8315E7,3.8723333333333336E7,3.801E7,3.7185E7,3.4771666666666664E7,3.419E7,5.9193333333333336E7
262,3.8905E7,3.8978333333333336E7,3.8313333333333336E7,3.6881666666666664E7,3.4771666666666664E7,3.419E7,5.9193333333333336E7
263,3.8685E7,3.8421666666666664E7,3.7723333333333336E7,3.7168333333333336E7,3.5008333333333336E7,3.419E7,5.9193333333333336E7
264,3.8366666666666664E7,3.8405E7,3.779E7,3.6881666666666664E7,3.4771666666666664E7,3.419E7,5.9193333333333336E7
265,3.9496666666666664E7,3.8403333333333336E7,3.8313333333333336E7,3.6881666666666664E7,3.509E7,3.419E7,5.9193333333333336E7
266,3.8316666666666664E7,3.8388333333333336E7,3.7723333333333336E7,3.6881666666666664E7,3.4518333333333336E7,3.419E7,5.9193333333333336E7
267,3.83E7,3.8405E7,3.8313333333333336E7,3.7168333333333336E7,3.4518333333333336E7,3.419E7,5.9193333333333336E7
268,3.8586666666666664E7,3.8405E7,3.8026666666666664E7,3.6881666666666664E7,3.4198333333333336E7,3.419E7,5.9193333333333336E7
269,3.83E7,3.842E7,3.7806666666666664E7,3.6881666666666664E7,3.3911666666666664E7,3.419E7,5.9193333333333336E7
270,3.8366666666666664E7,3.8405E7,3.7723333333333336E7,3.7168333333333336E7,3.3911666666666664E7,3.419E7,5.9193333333333336E7
271,3.83E7,3.8995E7,3.779E7,3.6881666666666664E7,3.3911666666666664E7,3.419E7,5.9193333333333336E7
272,3.83E7,3.8101666666666664E7,3.7821666666666664E7,3.6881666666666664E7,3.3625E7,3.419E7,5.9193333333333336E7
273,3.8618333333333336E7,3.8405E7,3.7436666666666664E7,3.6881666666666664E7,3.3625E7,3.419E7,5.9193333333333336E7
274,3.8921666666666664E7,3.8471666666666664E7,3.7436666666666664E7,3.6881666666666664E7,3.3625E7,3.419E7,5.9193333333333336E7
275,3.8618333333333336E7,3.8101666666666664E7,3.7436666666666664E7,3.6881666666666664E7,3.3625E7,3.419E7,5.9193333333333336E7
276,3.8586666666666664E7,3.8101666666666664E7,3.7436666666666664E7,3.6881666666666664E7,3.3625E7,3.419E7,5.9193333333333336E7
277,1.3419333333333333E8,3.8405E7,3.774E7,3.6676666666666664E7,3.3911666666666664E7,3.419E7,5.9193333333333336E7
278,3.8586666666666664E7,3.842E7,3.7436666666666664E7,3.6693333333333336E7,3.3625E7,3.419E7,5.9193333333333336E7
279,3.8366666666666664E7,3.8405E7,3.774E7,3.6676666666666664E7,3.3625E7,3.419E7,5.9193333333333336E7
280,3.83E7,3.8405E7,3.774E7,3.6676666666666664E7,3.3625E7,3.419E7,5.9193333333333336E7
281,3.8586666666666664E7,3.8101666666666664E7,3.774E7,3.698E7,3.3625E7,3.419E7,5.9193333333333336E7
282,3.8586666666666664E7,3.8405E7,3.7436666666666664E7,3.6693333333333336E7,3.3625E7,3.419E7,5.9193333333333336E7
283,3.8586666666666664E7,3.8405E7,3.7436666666666664E7,3.6676666666666664E7,3.3625E7,3.419E7,5.9193333333333336E7
284,3.83E7,3.8405E7,3.7436666666666664E7,3.6676666666666664E7,3.3625E7,3.419E7,5.9193333333333336E7
285,3.8586666666666664E7,3.8101666666666664E7,3.7436666666666664E7,3.6676666666666664E7,3.361E7,3.419E7,5.9193333333333336E7
286,3.8366666666666664E7,3.8405E7,3.7436666666666664E7,3.6676666666666664E7,3.361E7,3.419E7,5.9193333333333336E7
287,3.83E7,3.8708333333333336E7,3.7436666666666664E7,3.639E7,3.361E7,3.419E7,5.9193333333333336E7
288,3.83E7,3.8101666666666664E7,3.7436666666666664E7,3.6676666666666664E7,3.361E7,3.419E7,5.9193333333333336E7
289,3.83E7,3.8405E7,3.7436666666666664E7,3.6676666666666664E7,3.361E7,3.419E7,5.9193333333333336E7
290,3.83E7,3.8405E7,3.7436666666666664E7,3.639E7,3.361E7,3.419E7,5.9193333333333336E7
291,3.8316666666666664E7,3.8405E7,3.7436666666666664E7,3.639E7,3.361E7,3.419E7,5.9193333333333336E7
292,3.83E7,3.8101666666666664E7,3.7436666666666664E7,3.639E7,3.361E7,3.419E7,5.9193333333333336E7
293,3.83E7,3.8101666666666664E7,3.7436666666666664E7,3.639E7,3.361E7,3.419E7,5.9193333333333336E7
294,3.8586666666666664E7,3.8101666666666664E7,3.7436666666666664E7,3.639E7,3.361E7,3.419E7,5.9193333333333336E7
295,3.803E7,3.8101666666666664E7,3.7436666666666664E7,3.639E7,3.361E7,3.419E7,5.9193333333333336E7
296,3.8013333333333336E7,3.8101666666666664E7,3.7436666666666664E7,3.639E7,3.361E7,3.419E7,5.9193333333333336E7
297,3.83E7,3.8101666666666664E7,3.7436666666666664E7,3.639E7,3.361E7,3.419E7,5.9193333333333336E7
298,3.911E7,3.8101666666666664E7,3.7436666666666664E7,3.639E7,3.361E7,3.419E7,5.9193333333333336E7
299,3.8013333333333336E7,3.8101666666666664E7,3.7436666666666664E7,3.639E7,3.361E7,3.419E7,5.9193333333333336E7
300,3.8013333333333336E7,3.8101666666666664E7,3.7436666666666664E7,3.639E7,3.361E7,0.0,5.9193333333333336E7
